{
"lengthUnit": "mil",
"components": {
	"fields": ["COMPONENT_NO", "COMPONENT_NAME", "LAYER", "X_COORDINATE", "Y_COORDINATE", "ANGLE"],
	"rows": [
		[1, "3V3", "B", 945, 445, 270],
		[2, "C1", "T", 2050, 1095, 90],
		[3, "DBG", "B", 1444.6, 320.01, 180],
		[4, "GND", "B", 845, 445, 90],
		[5, "J1", "B", 1045, 270, 0],
		[6, "LED1", "T", 732, 1527, 180],
		[7, "LED2", "T", 1067, 1410, 180],
		[8, "LED3", "T", 1126, 1057, 180],
		[9, "LED4", "T", 980, 710, 180],
		[10, "LED5", "T", 660, 836, 180],
		[11, "LED6", "T", 807, 1170, 180],
		[12, "LED7", "T", 930, 1505, 0],
		[13, "LED8", "T", 620, 1290, 0],
		[14, "LED9", "T", 945, 1240, 0],
		[15, "LED10", "T", 1185, 1205, 0],
		[16, "LED11", "T", 1645, 1195, 0],
		[17, "LED12", "T", 1760, 1325, 0],
		[18, "LED13", "T", 1005, 950, 0],
		[19, "LED14", "T", 1265, 990, 0],
		[20, "LED15", "T", 455, 690, 0],
		[21, "LED16", "T", 825, 800, 0],
		[22, "LED17", "T", 1705, 650, 0],
		[23, "LED18", "T", 1775, 825, 0],
		[24, "LED19", "T", 1145, 420, 0],
		[25, "LED20", "T", 945, 420, 0],
		[26, "M0", "B", 1541.1, 1659.2, 270],
		[27, "M1", "B", 1441.1, 1660.14, 270],
		[28, "M2", "B", 1340.9, 1660.14, 270],
		[29, "M3", "B", 1240.8, 1661.2, 270],
		[30, "M4", "B", 1141.1, 1660.59, 270],
		[31, "M5", "B", 1040.9, 1660.59, 270],
		[32, "PWR", "B", 745, 445, 270],
		[33, "R1", "T", 732, 1587, 0],
		[34, "R2", "T", 1067, 1473, 0],
		[35, "R3", "T", 1126, 1117, 0],
		[36, "R4", "T", 980, 775, 0],
		[37, "R5", "T", 660, 901, 0],
		[38, "R6", "T", 807, 1235, 0],
		[39, "R7", "T", 1827, 1205, 0],
		[40, "R8", "T", 1902, 1205, 0],
		[41, "RST", "B", 1245.9, 320, 180],
		[42, "RxD", "B", 1145, 445, 270],
		[43, "SCL", "B", 1245, 445, 90],
		[44, "SCLUP", "B", 1980, 1180, 180],
		[45, "SDA", "B", 1045, 445, 270],
		[46, "SDAUP", "B", 1865, 1180, 0],
		[47, "SW1", "T", 535, 465.01, 0],
		[48, "SW2", "T", 1875, 465, 0],
		[49, "SWIM", "B", 1345.9, 320, 180],
		[50, "TxD", "B", 1345, 445, 90],
		[51, "U1", "T", 1865, 1045, 90],
		[52, "VSS", "B", 845, 320, 180]
	]
},
"pins": {
	"fields": ["PIN_NO", "PIN_NAME", "PIN_X", "PIN_Y", "LAYER", "PIN_TYPE", "NET_NAME", "NET_TYPE", "PAD_SHAPE", "PAD_SIZEX", "PAD_SIZEY", "HOLE_SIZE", "PAD_ANGLE"],
	"rows": [
		[1, "3V3_1", 945, 465, "B", "SMD", "VCC", "", "R", 25, 50, 0, 270],
		[2, "3V3_2", 945, 425, "B", "SMD", "$1N6347", "", "R", 25, 50, 0, 270],
		[3, "C1_1", 2050, 1067.44, "T", "SMD", "GND", "GND", "R", 31.5, 35.43, 0, 90],
		[4, "C1_2", 2050, 1122.56, "T", "SMD", "$1N498", "", "R", 31.5, 35.43, 0, 90],
		[5, "DBG_1", 1444.6, 320.01, "B", "SMD", "DEBUG", "", "P", 55.12, 55.45, 0, 180],
		[6, "GND_1", 845, 425, "B", "SMD", "$1N8824", "", "R", 25, 50, 0, 90],
		[7, "GND_2", 845, 465, "B", "SMD", "GND", "GND", "R", 25, 50, 0, 90],
		[8, "J1_1", 945, 320, "T", "DIP", "$1N6347", "", "R", 70.87, 70.87, 41.34, 0],
		[9, "J1_1", 945, 320, "B", "DIP", "$1N6347", "", "R", 70.87, 70.87, 41.34, 0],
		[10, "J1_2", 945, 220, "T", "DIP", "$1N8824", "", "C", 70.87, 70.87, 41.34, 0],
		[11, "J1_2", 945, 220, "B", "DIP", "$1N8824", "", "C", 70.87, 70.87, 41.34, 0],
		[12, "J1_3", 1045, 320, "T", "DIP", "$1N6336", "", "C", 70.87, 70.87, 41.34, 0],
		[13, "J1_3", 1045, 320, "B", "DIP", "$1N6336", "", "C", 70.87, 70.87, 41.34, 0],
		[14, "J1_4", 1045, 220, "T", "DIP", "$1N6340", "", "C", 70.87, 70.87, 41.34, 0],
		[15, "J1_4", 1045, 220, "B", "DIP", "$1N6340", "", "C", 70.87, 70.87, 41.34, 0],
		[16, "J1_5", 1145, 320, "T", "DIP", "$1N6352", "", "C", 70.87, 70.87, 41.34, 0],
		[17, "J1_5", 1145, 320, "B", "DIP", "$1N6352", "", "C", 70.87, 70.87, 41.34, 0],
		[18, "J1_6", 1145, 220, "T", "DIP", "$1N6365", "", "C", 70.87, 70.87, 41.34, 0],
		[19, "J1_6", 1145, 220, "B", "DIP", "$1N6365", "", "C", 70.87, 70.87, 41.34, 0],
		[20, "LED1_1", 702.48, 1543.73, "T", "SMD", "$1N1732", "", "R", 31.5, 25.59, 0, 0],
		[21, "LED1_2", 702.48, 1510.27, "T", "SMD", "MAT0", "", "R", 31.5, 25.59, 0, 0],
		[22, "LED1_3", 761.53, 1510.27, "T", "SMD", "MAT5", "", "R", 31.5, 25.59, 0, 0],
		[23, "LED1_4", 761.53, 1543.73, "T", "SMD", "MAT4", "", "R", 31.5, 25.59, 0, 0],
		[24, "LED2_1", 1037.48, 1426.73, "T", "SMD", "$1N1771", "", "R", 31.5, 25.59, 0, 0],
		[25, "LED2_2", 1037.48, 1393.27, "T", "SMD", "MAT1", "", "R", 31.5, 25.59, 0, 0],
		[26, "LED2_3", 1096.53, 1393.27, "T", "SMD", "MAT5", "", "R", 31.5, 25.59, 0, 0],
		[27, "LED2_4", 1096.53, 1426.73, "T", "SMD", "MAT4", "", "R", 31.5, 25.59, 0, 0],
		[28, "LED3_1", 1096.48, 1073.73, "T", "SMD", "$1N1810", "", "R", 31.5, 25.59, 0, 0],
		[29, "LED3_2", 1096.48, 1040.27, "T", "SMD", "MAT2", "", "R", 31.5, 25.59, 0, 0],
		[30, "LED3_3", 1155.53, 1040.27, "T", "SMD", "MAT5", "", "R", 31.5, 25.59, 0, 0],
		[31, "LED3_4", 1155.53, 1073.73, "T", "SMD", "MAT4", "", "R", 31.5, 25.59, 0, 0],
		[32, "LED4_1", 950.48, 726.73, "T", "SMD", "$1N1849", "", "R", 31.5, 25.59, 0, 0],
		[33, "LED4_2", 950.48, 693.27, "T", "SMD", "MAT3", "", "R", 31.5, 25.59, 0, 0],
		[34, "LED4_3", 1009.53, 693.27, "T", "SMD", "MAT2", "", "R", 31.5, 25.59, 0, 0],
		[35, "LED4_4", 1009.53, 726.73, "T", "SMD", "MAT1", "", "R", 31.5, 25.59, 0, 0],
		[36, "LED5_1", 630.48, 852.73, "T", "SMD", "$1N1888", "", "R", 31.5, 25.59, 0, 0],
		[37, "LED5_2", 630.48, 819.27, "T", "SMD", "MAT4", "", "R", 31.5, 25.59, 0, 0],
		[38, "LED5_3", 689.53, 819.27, "T", "SMD", "MAT2", "", "R", 31.5, 25.59, 0, 0],
		[39, "LED5_4", 689.53, 852.73, "T", "SMD", "MAT1", "", "R", 31.5, 25.59, 0, 0],
		[40, "LED6_1", 777.48, 1186.73, "T", "SMD", "$1N1927", "", "R", 31.5, 25.59, 0, 0],
		[41, "LED6_2", 777.48, 1153.27, "T", "SMD", "MAT5", "", "R", 31.5, 25.59, 0, 0],
		[42, "LED6_3", 836.53, 1153.27, "T", "SMD", "MAT2", "", "R", 31.5, 25.59, 0, 0],
		[43, "LED6_4", 836.53, 1186.73, "T", "SMD", "MAT1", "", "R", 31.5, 25.59, 0, 0],
		[44, "LED7_1", 912.76, 1505, "T", "SMD", "MAT0", "", "R", 12.52, 21.26, 0, 0],
		[45, "LED7_2", 947.24, 1505, "T", "SMD", "MAT1", "", "R", 12.52, 21.26, 0, 0],
		[46, "LED8_1", 602.76, 1290, "T", "SMD", "MAT0", "", "R", 12.52, 21.26, 0, 0],
		[47, "LED8_2", 637.24, 1290, "T", "SMD", "MAT2", "", "R", 12.52, 21.26, 0, 0],
		[48, "LED9_1", 927.76, 1240, "T", "SMD", "MAT1", "", "R", 12.52, 21.26, 0, 0],
		[49, "LED9_2", 962.24, 1240, "T", "SMD", "MAT0", "", "R", 12.52, 21.26, 0, 0],
		[50, "LED10_1", 1167.76, 1205, "T", "SMD", "MAT1", "", "R", 12.52, 21.26, 0, 0],
		[51, "LED10_2", 1202.24, 1205, "T", "SMD", "MAT2", "", "R", 12.52, 21.26, 0, 0],
		[52, "LED11_1", 1627.76, 1195, "T", "SMD", "MAT2", "", "R", 12.52, 21.26, 0, 0],
		[53, "LED11_2", 1662.24, 1195, "T", "SMD", "MAT0", "", "R", 12.52, 21.26, 0, 0],
		[54, "LED12_1", 1742.76, 1325, "T", "SMD", "MAT2", "", "R", 12.52, 21.26, 0, 0],
		[55, "LED12_2", 1777.24, 1325, "T", "SMD", "MAT1", "", "R", 12.52, 21.26, 0, 0],
		[56, "LED13_1", 987.76, 950, "T", "SMD", "MAT3", "", "R", 12.52, 21.26, 0, 0],
		[57, "LED13_2", 1022.24, 950, "T", "SMD", "MAT4", "", "R", 12.52, 21.26, 0, 0],
		[58, "LED14_1", 1247.76, 990, "T", "SMD", "MAT3", "", "R", 12.52, 21.26, 0, 0],
		[59, "LED14_2", 1282.24, 990, "T", "SMD", "MAT5", "", "R", 12.52, 21.26, 0, 0],
		[60, "LED15_1", 437.76, 690, "T", "SMD", "MAT4", "", "R", 12.52, 21.26, 0, 0],
		[61, "LED15_2", 472.24, 690, "T", "SMD", "MAT3", "", "R", 12.52, 21.26, 0, 0],
		[62, "LED16_1", 807.76, 800, "T", "SMD", "MAT4", "", "R", 12.52, 21.26, 0, 0],
		[63, "LED16_2", 842.24, 800, "T", "SMD", "MAT5", "", "R", 12.52, 21.26, 0, 0],
		[64, "LED17_1", 1687.76, 650, "T", "SMD", "MAT5", "", "R", 12.52, 21.26, 0, 0],
		[65, "LED17_2", 1722.24, 650, "T", "SMD", "MAT3", "", "R", 12.52, 21.26, 0, 0],
		[66, "LED18_1", 1757.76, 825, "T", "SMD", "MAT5", "", "R", 12.52, 21.26, 0, 0],
		[67, "LED18_2", 1792.24, 825, "T", "SMD", "MAT4", "", "R", 12.52, 21.26, 0, 0],
		[68, "LED19_1", 1127.76, 420, "T", "SMD", "GND", "GND", "R", 12.52, 21.26, 0, 0],
		[69, "LED19_2", 1162.24, 420, "T", "SMD", "DEBUG", "", "R", 12.52, 21.26, 0, 0],
		[70, "LED20_1", 927.76, 420, "T", "SMD", "GND", "GND", "R", 12.52, 21.26, 0, 0],
		[71, "LED20_2", 962.24, 420, "T", "SMD", "$1N6146", "", "R", 12.52, 21.26, 0, 0],
		[72, "M0_1", 1541.1, 1659.2, "B", "SMD", "MAT0", "", "P", 55.45, 55.12, 0, 270],
		[73, "M1_1", 1441.1, 1660.14, "B", "SMD", "MAT1", "", "P", 55.45, 55.12, 0, 270],
		[74, "M2_1", 1340.9, 1660.14, "B", "SMD", "MAT2", "", "P", 55.45, 55.12, 0, 270],
		[75, "M3_1", 1240.8, 1661.2, "B", "SMD", "MAT3", "", "P", 55.45, 55.12, 0, 270],
		[76, "M4_1", 1141.1, 1660.59, "B", "SMD", "MAT4", "", "P", 55.45, 55.12, 0, 270],
		[77, "M5_1", 1040.9, 1660.59, "B", "SMD", "MAT5", "", "P", 55.45, 55.12, 0, 270],
		[78, "PWR_1", 745, 463, "B", "SMD", "VCC", "", "R", 25, 50, 0, 270],
		[79, "PWR_2", 745, 427, "B", "SMD", "$1N6146", "", "R", 25, 50, 0, 270],
		[80, "R1_1", 714.96, 1587, "T", "SMD", "$1N1732", "", "R", 22.27, 21.26, 0, 0],
		[81, "R1_2", 749.04, 1587, "T", "SMD", "MAT3", "", "R", 22.27, 21.26, 0, 0],
		[82, "R2_1", 1049.96, 1473, "T", "SMD", "$1N1771", "", "R", 22.27, 21.26, 0, 0],
		[83, "R2_2", 1084.04, 1473, "T", "SMD", "MAT3", "", "R", 22.27, 21.26, 0, 0],
		[84, "R3_1", 1108.96, 1117, "T", "SMD", "$1N1810", "", "R", 22.27, 21.26, 0, 0],
		[85, "R3_2", 1143.04, 1117, "T", "SMD", "MAT3", "", "R", 22.27, 21.26, 0, 0],
		[86, "R4_1", 962.96, 775, "T", "SMD", "$1N1849", "", "R", 22.27, 21.26, 0, 0],
		[87, "R4_2", 997.04, 775, "T", "SMD", "MAT0", "", "R", 22.27, 21.26, 0, 0],
		[88, "R5_1", 642.96, 901, "T", "SMD", "$1N1888", "", "R", 22.27, 21.26, 0, 0],
		[89, "R5_2", 677.04, 901, "T", "SMD", "MAT0", "", "R", 22.27, 21.26, 0, 0],
		[90, "R6_1", 789.96, 1235, "T", "SMD", "$1N1927", "", "R", 22.27, 21.26, 0, 0],
		[91, "R6_2", 824.04, 1235, "T", "SMD", "MAT0", "", "R", 22.27, 21.26, 0, 0],
		[92, "R7_1", 1809.96, 1205, "T", "SMD", "SDA", "", "R", 22.27, 21.26, 0, 0],
		[93, "R7_2", 1844.04, 1205, "T", "SMD", "$1N5838", "", "R", 22.27, 21.26, 0, 0],
		[94, "R8_1", 1884.96, 1205, "T", "SMD", "SCL", "", "R", 22.27, 21.26, 0, 0],
		[95, "R8_2", 1919.04, 1205, "T", "SMD", "$1N5863", "", "R", 22.27, 21.26, 0, 0],
		[96, "RST_1", 1245.9, 320, "B", "SMD", "RESET", "", "P", 55.12, 55.45, 0, 180],
		[97, "RxD_1", 1145, 465, "B", "SMD", "RXD", "", "R", 25, 50, 0, 270],
		[98, "RxD_2", 1145, 425, "B", "SMD", "$1N6352", "", "R", 25, 50, 0, 270],
		[99, "SCL_1", 1245, 425, "B", "SMD", "$1N6340", "", "R", 25, 50, 0, 90],
		[100, "SCL_2", 1245, 465, "B", "SMD", "SCL", "", "R", 25, 50, 0, 90],
		[101, "SCLUP_1", 2000, 1180, "B", "SMD", "$1N5863", "", "R", 25, 50, 0, 180],
		[102, "SCLUP_2", 1960, 1180, "B", "SMD", "VCC", "", "R", 25, 50, 0, 180],
		[103, "SDA_1", 1045, 465, "B", "SMD", "SDA", "", "R", 25, 50, 0, 270],
		[104, "SDA_2", 1045, 425, "B", "SMD", "$1N6336", "", "R", 25, 50, 0, 270],
		[105, "SDAUP_1", 1845, 1180, "B", "SMD", "$1N5838", "", "R", 25, 50, 0, 0],
		[106, "SDAUP_2", 1885, 1180, "B", "SMD", "VCC", "", "R", 25, 50, 0, 0],
		[107, "SW1_1", 405.08, 537.85, "T", "SMD", "BTN0", "", "R", 66.93, 39.37, 0, 0],
		[108, "SW1_2", 664.92, 537.85, "T", "SMD", "SW1_2", "", "R", 66.93, 39.37, 0, 0],
		[109, "SW1_3", 405.08, 392.16, "T", "SMD", "SW1_3", "", "R", 66.93, 39.37, 0, 0],
		[110, "SW1_4", 664.92, 392.17, "T", "SMD", "GND", "GND", "R", 66.93, 39.37, 0, 0],
		[111, "SW2_1", 1745.08, 537.84, "T", "SMD", "SW2_1", "", "R", 66.93, 39.37, 0, 0],
		[112, "SW2_2", 2004.92, 537.84, "T", "SMD", "BTN1", "", "R", 66.93, 39.37, 0, 0],
		[113, "SW2_3", 1745.08, 392.16, "T", "SMD", "GND", "GND", "R", 66.93, 39.37, 0, 0],
		[114, "SW2_4", 2004.92, 392.16, "T", "SMD", "SW2_4", "", "R", 66.93, 39.37, 0, 0],
		[115, "SWIM_1", 1345.9, 320, "B", "SMD", "SWIM", "", "P", 55.12, 55.45, 0, 180],
		[116, "TxD_1", 1345, 425, "B", "SMD", "$1N6365", "", "R", 25, 50, 0, 90],
		[117, "TxD_2", 1345, 465, "B", "SMD", "TXD", "", "R", 25, 50, 0, 90],
		[118, "U1_1", 1978.03, 929.84, "T", "SMD", "BTN1", "", "O", 14.33, 68.58, 0, 90],
		[119, "U1_2", 1978.03, 955.43, "T", "SMD", "TXD", "", "O", 14.33, 68.58, 0, 90],
		[120, "U1_3", 1978.03, 981.02, "T", "SMD", "RXD", "", "O", 14.33, 68.58, 0, 90],
		[121, "U1_4", 1978.03, 1006.61, "T", "SMD", "RESET", "", "O", 14.33, 68.58, 0, 90],
		[122, "U1_5", 1978.03, 1032.21, "T", "SMD", "U1_5", "", "O", 14.33, 68.58, 0, 90],
		[123, "U1_6", 1978.03, 1057.8, "T", "SMD", "U1_6", "", "O", 14.33, 68.58, 0, 90],
		[124, "U1_7", 1978.03, 1083.39, "T", "SMD", "GND", "GND", "O", 14.33, 68.58, 0, 90],
		[125, "U1_8", 1978.03, 1108.98, "T", "SMD", "$1N498", "", "O", 14.33, 68.58, 0, 90],
		[126, "U1_9", 1978.03, 1134.57, "T", "SMD", "VCC", "", "O", 14.33, 68.58, 0, 90],
		[127, "U1_10", 1978.03, 1160.16, "T", "SMD", "DEBUG", "", "O", 14.33, 68.58, 0, 90],
		[128, "U1_11", 1751.97, 1160.16, "T", "SMD", "SDA", "", "O", 14.33, 68.58, 0, 90],
		[129, "U1_12", 1751.97, 1134.57, "T", "SMD", "SCL", "", "O", 14.33, 68.58, 0, 90],
		[130, "U1_13", 1751.97, 1108.98, "T", "SMD", "MAT0", "", "O", 14.33, 68.58, 0, 90],
		[131, "U1_14", 1751.97, 1083.39, "T", "SMD", "MAT1", "", "O", 14.33, 68.58, 0, 90],
		[132, "U1_15", 1751.97, 1057.8, "T", "SMD", "MAT2", "", "O", 14.33, 68.58, 0, 90],
		[133, "U1_16", 1751.97, 1032.21, "T", "SMD", "MAT3", "", "O", 14.33, 68.58, 0, 90],
		[134, "U1_17", 1751.97, 1006.61, "T", "SMD", "MAT4", "", "O", 14.33, 68.58, 0, 90],
		[135, "U1_18", 1751.97, 981.02, "T", "SMD", "SWIM", "", "O", 14.33, 68.58, 0, 90],
		[136, "U1_19", 1751.97, 955.43, "T", "SMD", "MAT5", "", "O", 14.33, 68.58, 0, 90],
		[137, "U1_20", 1751.97, 929.84, "T", "SMD", "BTN0", "", "O", 14.33, 68.58, 0, 90],
		[138, "VSS_1", 845, 320, "B", "SMD", "$1N8824", "", "P", 55.12, 55.45, 0, 180]
	]
}
}